Feature,"Traditional Languages (Python, JavaScript, etc.)",HyperCode 2.0,Advantage
Code Representation,Linear text files,3D spatial knowledge graph,🚀 Navigate code spatially
Reasoning System,None - compiler only,Neurosymbolic (neural + logic),🧠 Explainable + verifiable
Cognitive Accessibility,Neurotypical-biased syntax,Neurodivergent-first design,♿ 15-20% more productive devs
AI Integration,"External tools (Copilot, etc.)","Universal (GPT, Claude, Llama, custom)",🤖 Future-proof AI compatibility
Visual Interface,Text editor only,3D canvas + VR/AR + text,"👁️ Think visually, code visually"
Error Explanation,Cryptic error messages,Multi-style (technical/plain/visual),💬 Understand errors faster
Self-Optimization,Manual optimization,Automatic via AI learning,⚡ Performance improves over time
Knowledge Updates,Static - requires manual updates,Daily auto-updates from research,📚 Never obsolete
Neurodivergent Support,Minimal to none,ADHD/Autism/Dyslexia profiles,💙 Inclusion = innovation
Execution Model,Pure procedural/OOP,Hybrid symbolic-neural execution,🔬 Best of both worlds
Debugging Experience,Line-by-line debugging,Visual dependency tracing,🔍 See logic flow visually
Learning Curve,Steep for neurodivergent users,Adaptive to cognitive style,🎯 Matches YOUR brain
